{"cameraMode":{"drawMode":0,"name":"Shaded","section":"Shading Mode"},"sceneLighting":true,"audioPlay":false,"sceneViewState":{"showFog":true,"showMaterialUpdate":true,"showSkybox":true,"showFlares":true,"showImageEffects":true,"showParticleSystems":true},"in2DMode":false,"pivot":{"x":307.0472106933594,"y":0.22239555418491364,"z":287.5868835449219},"rotation":{"x":-0.10077318549156189,"y":0.687170684337616,"z":-0.09713544696569443,"w":-0.7129020094871521},"size":11.129036903381348,"orthographic":false}